"Star_key";"Star";"distance";"star temperature";"MASS";"relative radius";"luminosity";"Type Of Star"
2659;"Vanra";170,201;2605;0,4;0,7;0,07;"M|7|V"
2890;"Charleston";565,271;2846;0,3;0,69;0,06;"M|4|V"
1757;"Morges";316,541;3957;0,6;0,71;0,23;"K|5|V"
2828;"Zebrenaski";304,234;2510;0,3;0,38;0,03;"M|0|V"
1044;"Halstead Station";89,332;3808;0,6;0,81;0,19;"K|3|V"
814;"Epsilon Indi";33,089;3210;0,2;0,09;0,04;"M|1|V"
1408;"Koury";645,822;2531;0,2;0,47;0,06;"M|3|V"
992;"Grand Base";302,397;3945;0,7;0,91;0,54;"K|3|V"
621;"Cresson";554,06;2643;0,4;0,33;0,06;"M|7|V"
1700;"Midthun";391,18;2456;0,2;0,58;0,03;"M|5|V"
2872;"Maximillian";460,851;3350;0,2;0,29;0,08;"M|2|V"
1784;"Naco";571,712;2550;0,4;0,14;0,02;"M|1|V"
2146;"Revel";463,268;3012;0,2;0,1;0,03;"M|1|V"
1398;"Korramabad";521,303;2703;0,3;0,56;0,01;"M|4|V"
3100;"Hibernia";992,235;3072;NA;0,55;0,07;"M|3|V"
1977;"Pangkalan";441,984;3860;0,6;0,71;0,18;"K|3|V"
711;"Dicon";325,864;2945;0,1;0,56;0,07;"M|5|V"
1882;"Noatak";393,95;4183;0,5;0,92;0,22;"K|2|V"
1330;"Kentwood";627,665;3752;0,5;0,8;0,56;"K|3|V"
836;"Exedor";208,309;2635;0,3;0,31;0,08;"M|7|V"
3055;"Kazlam";1632,489;3869;NA;0,77;0,17;"K|7|V"
1432;"Kwangjong-ni";487,865;4275;0,6;0,89;0,59;"K|5|V"
1373;"Klamriz";206,093;4093;0,5;0,72;0,31;"K|3|V"
2769;"Wolcott";367,956;2867;0,4;0,56;0,06;"M|5|V"
801;"Emris";173,88;2771;0,4;0,22;0,05;"M|5|V"
2749;"Westfield";259,004;3841;0,5;0,78;0,42;"K|2|V"
980;"Gorfynt";541,875;2749;0,4;0,13;0,05;"M|5|V"
2348;"Skandia";252,494;3355;0,3;0,57;0,05;"M|2|V"
1514;"Loongana";314,319;5441;0,9;0,98;0,9;"G|4|V"
1286;"Kamenz";311,182;5713;1;1,01;1,38;"G|2|V"
2125;"Recife";396,695;2649;0,2;0,12;0,02;"M|7|V"
1196;"Ingenstrem";389,119;4402;0,6;0,73;0,35;"K|0|V"
1526;"Loysville";433,08;3229;0,2;0,52;0,06;"M|1|V"
415;"Budingen";415,219;2400;0,4;0,39;0,04;"M|1|V"
2580;"Trent";144,069;2682;0,4;0,19;0,02;"M|1|V"
513;"Chahar";394,275;3111;0,3;0,24;0,01;"M|4|V"
1393;"Koniz";275,729;4164;0,6;0,75;0,34;"K|5|V"
9;"Abiy Adi";470,19;2450;0,2;0,49;0,03;"M|8|V"
2638;"Utrecht";237,639;3149;0,2;0,34;0,06;"M|2|V"
2075;"Propus";184,226;4342;0,7;0,84;0,11;"K|3|V"
212;"Auldhouse";148,251;2551;0,3;0,35;0,06;"M|7|V"
411;"Bryceland";418,23;3383;0,2;0,29;0,03;"M|1|V"
1963;"Outreach";34,827;5612;0,8;1,14;0,66;"G|4|V"
872;"Finmark";524,52;5240;1;1,13;1,37;"G|4|V"
843;"Fallen Stars";480,703;2415;0,4;0,34;0,02;"M|7|V"
1637;"Maynard";304,505;2897;0,2;0,33;0,06;"M|5|V"
3114;"Knechee";1888,354;3960;0,7;0,78;0,12;"K|2|V"
3137;"Mandalas";448,793;2676;0,4;0,18;0,05;"M|1|V"
2735;"Weekapaug";249,877;2879;0,4;0,11;0,03;"M|2|V"
2840;"Zindao";263,598;3162;0,3;0,54;0,01;"M|0|V"
2984;"Braunschweig";1093,747;NA;0,4;0,37;0,04;"M|5|V"
3027;"Ramsey";1102,144;NA;0,7;0,82;0,09;"K|2|V"
1719;"Mirach";112,104;2970;0,2;0,51;0,02;"M|2|V"
1509;"Logres";363,213;2950;NA;0,31;0,04;"M|4|V"
2713;"Waldheim";369,385;5292;1;0,99;1,41;"G|3|V"
546;"Chita";568,687;2420;0,4;0,66;0,01;"M|3|V"
138;"Anguilla";419,341;3127;0,2;0,42;0,05;"M|2|V"
607;"Cosenza";363,777;3130;0,2;0,67;0,06;"M|3|V"
2143;"Rentz";578,851;3064;0,2;0,14;0,05;"M|2|V"
162;"Aquileia";92,735;2993;0,3;0,4;0,07;"M|1|V"
1616;"Marlowe's Rift";250,609;NA;0,2;0,55;0,07;"M|4|V"
2131;"Reinhardstein";222,018;2619;0,2;0,52;NA;"M|4|V"
2836;"Zhaomaon";428,931;4178;0,5;0,76;0,17;"K|5|V"
2241;"Sarkel";132,944;2518;0,2;0,09;0,08;"M|5|V"
2790;"Yamarovka";296,32;3818;0,7;0,9;0,51;"K|6|V"
2739;"Weisau";400,274;4677;0,6;0,76;0,17;"K|0|V"
2931;"Circe";1619,476;5211;0,9;1,03;0,64;"G|2|V"
2812;"Zalzangor";421,9;3176;0,1;0,2;0,02;"M|1|V"
2823;"Zavijava";31,804;2621;NA;0,49;0,07;"M|3|V"
1312;"Kawabe";276,251;4190;0,6;0,89;0,13;"K|5|V"
1640;"McAlister";411,138;4133;0,8;0,87;0,24;"K|5|V"
3002;"Novgorod";1209,539;4101;0,5;0,73;0,41;"K|2|V"
3106;"Beehive Cluster";816,864;2659;NA;0,45;0,05;"M|6|V"
142;"Annapolis";210,25;5308;0,8;0,98;0,87;"G|5|V"
378;"Bowang";353,084;2569;0,4;0,5;0,04;"M|3|V"
1520;"Lothair";429,578;4116;0,5;0,73;0,54;"K|5|V"
882;"Fletcher";220,627;4699;0,5;0,83;0,34;"K|0|V"
585;"Conley's Patch";301,418;2409;0,2;0,43;0,01;"M|5|V"
2553;"Tiruchchirappalli";463,505;4027;0,5;0,81;0,32;"K|5|V"
1478;"Leoben";407,373;2944;0,3;0,68;0,04;"M|1|V"
2169;"Rohinjan";358,106;2606;0,2;0,59;0,04;"M|2|V"
2293;"Sharpe";217,003;2623;0,3;0,5;0,07;"M|3|V"
2250;"Savannah";92,246;5418;1;1;1,02;"G|2|V"
2932;"Dagda";1609,301;4081;0,6;0,94;0,36;"K|3|V"
1824;"New Dallas";60,599;2942;0,2;0,26;0,01;"M|2|V"
379;"Braben's Frontier";616,108;3344;0,4;0,1;0,04;"M|2|V"
249;"Bamburgh";622,487;2947;0,4;0,45;0,03;"M|2|V"
2094;"Quiberas";499,087;5415;0,9;1,12;1,36;"G|2|V"
1487;"Lhasa";188,792;3533;0,1;0,49;0,03;"M|1|V"
1869;"Nihal";313,861;3316;0,3;0,51;0,02;"M|2|V"
2115;"Ramona";331,278;2430;0,3;0,21;0,07;"M|3|V"
17;"Achilles";139,519;3091;0,2;0,69;0,04;"M|3|V"
3119;"Nebula D77";1947,238;2902;0,4;0,16;0,04;"M|5|V"
225;"Axton";170,277;2941;0,4;0,31;0,06;"M|5|V"
2406;"Stein's Folly";256,243;3067;0,3;0,16;0,06;"M|2|V"
121;"Amu Darya";339,88;3361;0,1;0,41;0,01;"M|0|V"
1043;"Halmyre Deans";159,641;3942;0,8;0,74;0,37;"K|7|V"
2509;"Tellman";546,04;2436;0,4;0,22;0,05;"M|4|V"
639;"Custozza";650,251;3853;0,6;0,94;0,11;"K|7|V"
1483;"Lesnovo";413,148;2889;0,1;0,32;0,02;"M|5|V"
1649;"Mearra";559,397;3745;0,5;0,74;0,51;"K|7|V"
1771;"Mundrabilla";270,55;3095;0,4;0,21;0,07;"M|1|V"
850;"Far Reach";607,714;2635;0,3;0,53;0,02;"M|4|V"
2168;"Alsace";393,762;3148;0,3;0,27;0,03;"M|3|V"
1092;"Helvetica";616,942;2771;0,2;0,2;0,06;"M|5|V"
1762;"Morrill";397,281;2698;0,3;0,11;0,06;"M|4|V"
2252;"Savonburg";498,346;3766;0,7;0,91;0,41;"K|5|V"
2988;"Dorpat";1147,906;4376;0,6;0,73;0,1;"K|0|V"
602;"Corodiz";398,705;2740;0,2;0,58;0,01;"M|4|V"
2412;"Stettin";451,621;2645;0,4;0,21;0,06;"M|5|V"
729;"Domeyko";717,551;2815;0,2;0,12;0,03;"M|6|V"
2593;"Tsarahavana";464,419;4381;0,8;0,92;0,45;"K|2|V"
2176;"Roscoff";548,507;2920;0,1;0,3;0,04;"M|5|V"
701;"Devin";351,772;4805;0,5;0,77;0,16;"K|2|V"
3016;"Joppa";438,63;5541;0,8;1,02;0,92;"G|5|V"
841;"Fairfield";292,551;2763;0,4;0,28;0,06;"M|1|V"
2717;"Wantorill";314,683;NA;0,1;0,68;0,03;"M|2|V"
2816;"Zangul";419,935;2476;0,3;0,2;0,03;"M|5|V"
598;"Corey";137,904;4558;0,8;0,96;0,4;"K|2|V"
127;"Andalusia";406,284;2679;0,4;0,63;0,06;"M|7|V"
830;"Eustatius";499,237;4461;0,8;0,79;0,34;"K|3|V"
2957;"Priori";1807,905;4116;0,5;0,88;0,41;"K|5|V"
2145;"Restitution";401,265;2592;0,2;0,46;0,03;"M|2|V"
1952;"Oshika";297,334;2929;0,1;0,41;NA;"M|2|V"
2386;"Spirit";251,914;5517;0,8;1,05;1,32;"G|3|V"
3026;"Nouveaux Paris";853,745;2783;0,3;0,37;0,03;"M|3|V"
245;"Ballentine";237,533;3811;0,8;0,71;0,19;"K|5|V"
2140;"Renorsal";670,527;4642;0,5;0,75;0,53;"K|2|V"
2838;"Ziliang";272,922;2674;0,2;0,67;0,08;"M|3|V"
3003;"Riga";1218,727;2831;0,3;0,66;0,07;"M|2|V"
3154;"Chaadan";508,714;4068;0,5;0,78;0,1;"K|0|V"
2558;"Togura";271,847;4027;0,6;0,73;0,39;"K|3|V"
2907;"Independence";508,458;3012;0,2;0,65;NA;"M|3|V"
2885;"Blackbone";499,083;5525;0,9;1,1;NA;"G|5|V"
2952;"Lum";1757,919;2445;0,4;0,48;0,05;"M|5|V"
2278;"Sendalor";270,418;2500;0,4;0,48;0,04;"M|5|V"
1382;"Kobe";281,853;5503;NA;1,05;0,72;"G|4|V"
1084;"Heliat";501,374;4367;0,7;0,86;0,42;"K|3|V"
1723;"Mississauga";370,667;2724;0,3;0,62;0,02;"M|4|V"
1935;"Oldsmith";318,905;2582;0,1;0,23;0,06;"M|7|V"
2864;"Horatius";558,005;2877;0,1;0,36;0,08;"M|3|V"
1542;"Luzerne";373,112;2983;0,4;0,37;0,06;"M|0|V"
1541;"Luxen";504,406;2505;0,2;0,62;0,02;"M|7|V"
2031;"Pinard";426,467;5333;0,8;1,07;0,82;"G|4|V"
751;"Dumassas";536,142;2438;0,3;0,42;0,07;"M|2|V"
3051;"Gurgaldar";1413,278;4471;NA;0,74;0,19;"K|3|V"
1697;"Mickleover";594,626;3757;0,6;0,91;0,21;"K|2|V"
2696;"Viroflay";596,98;NA;0,4;0,22;0,05;"M|6|V"
1903;"Novo Tressida";522,458;2567;0,2;0,66;0,04;"M|7|V"
318;"Bettendorf";266,202;2804;0,3;0,18;0,08;"M|0|V"
3048;"Doggerbank";1033,575;2829;0,2;0,33;0,03;"M|1|V"
1176;"Ikast";301,63;2652;0,2;0,24;0,02;"M|7|V"
2980;"Valencia";1328,372;2862;0,4;0,69;0,08;"M|3|V"
965;"Glengarry";108,729;2685;0,4;0,51;0,08;"M|2|V"
252;"Banfora";363,172;2563;0,3;0,23;0,02;"M|6|V"
1708;"Milos";232,493;2611;0,3;0,7;0,02;"M|2|V"
2461;"Szombathely";200,74;4132;0,5;0,74;0,42;"K|5|V"
1233;"Jansen's Hold";420,649;5534;NA;1,11;1,14;"G|5|V"
2030;"Pilpala";376,129;2470;0,1;0,64;0,01;"M|0|V"
2873;"New St. Andrews";524,267;2455;0,1;0,42;0,02;"M|7|V"
1997;"Paulding";321,336;3280;0,3;0,13;0,04;"M|1|V"
1603;"Marawi";272,134;2473;0,4;0,25;0,03;"M|5|V"
1163;"Hyner";386,358;2438;0,4;0,17;0,06;"M|8|V"
3061;"Star Cluster 814";1117,108;2631;NA;0,57;0,04;"M|4|V"
1162;"Hyde";162,376;2722;0,3;0,16;0,06;"M|2|V"
982;"Gorki";164,209;2434;0,2;0,53;0,05;"M|8|V"
967;"Glenmora";290,236;2736;0,4;0,37;0,02;"M|3|V"
1076;"Hechnar";31,041;4388;0,7;0,88;0,48;"K|2|V"
1975;"Palos";134,632;2700;0,4;0,1;0,05;"M|5|V"
134;"Angell";129,287;2422;0,1;0,65;0,02;"M|3|V"
1865;"Ngake";263,991;3138;0,4;0,17;0,07;"M|3|V"
1623;"Matamoras";430,949;3366;0,4;0,09;0,05;"M|1|V"
526;"Chatham";308,745;2829;0,3;0,14;0,02;"M|4|V"
1998;"Paulus Prime";485,685;4059;0,6;0,88;0,22;"K|3|V"
1307;"Kaumberg";413,871;3822;0,7;0,95;0,55;"K|0|V"
534;"Chertan";76,311;2544;0,2;0,3;NA;"M|1|V"
2377;"Sornath";684,636;2685;0,2;0,63;0,04;"M|0|V"
2853;"Zwipadze";428,322;2720;0,4;0,6;0,07;"M|5|V"
2200;"Sabik";58,472;2975;0,4;0,25;0,07;"M|2|V"
2777;"Wrentham";367,535;2703;0,4;0,41;0,08;"M|2|V"
2911;"Marknick";694,387;2680;0,2;0,43;0,05;"M|2|V"
2616;"Uhuru";139,622;5323;1;1,03;1,33;"G|5|V"
2667;"Vega";106,677;5466;0,9;0,98;1,27;"G|5|V"
3141;"Juniper";132,106;2814;0,3;0,4;0,05;"M|1|V"
1630;"Maule";247,314;2538;0,3;0,27;0,05;"M|6|V"
1052;"Hansii";368,483;3210;0,2;0,09;0,06;"M|3|V"
1798;"Narellan";305,878;3315;0,4;0,24;0,05;"M|2|V"
1441;"Lackhove";474,296;2595;0,4;0,26;0,05;"M|2|V"
451;"Cameron";252,182;5764;1;1,05;1,24;"G|2|V"
52;"Alarion";348,457;3310;0,2;0,41;0,08;"M|1|V"
1852;"New Stevens";23,155;2656;0,3;0,14;0,06;"M|2|V"
2270;"Second Try";120,802;2420;0,4;0,63;0,06;"M|8|V"
2458;"Syrma";69,909;2631;0,4;0,66;0,04;"M|7|V"
875;"Firenze";423,608;2410;0,3;0,67;0,01;"M|8|V"
611;"Courchevel";357,664;5537;1;1,13;1,34;"G|4|V"
46;"Aix-la-Chapelle";179,764;3373;0,1;0,08;NA;"M|2|V"
3113;"Interstellar Expeditions Base #22";1900,682;4315;0,7;0,92;0,18;"K|5|V"
1116;"Hirtshals";605,101;3185;0,2;0,37;0,03;"M|1|V"
1906;"Nuelson Minor";386,094;2444;0,4;0,32;0,05;"M|5|V"
815;"Erdvynn";454,059;2924;0,2;0,46;0,02;"M|5|V"
2082;"Puttalam";759,525;2575;0,2;0,67;NA;"M|1|V"
2695;"Viribium";392,756;2917;0,3;0,57;0,07;"M|2|V"
1905;"Nox";240,194;3007;0,3;0,34;0,04;"M|1|V"
1554;"Mackolla";647,016;3260;0,2;0,5;0,03;"M|1|V"
1665;"Melcher";369,315;2916;0,4;0,58;0,04;"M|5|V"
1267;"Jubka";398,759;3614;0,2;0,23;0,05;"M|0|V"
581;"Columbine";353,98;2413;0,2;0,56;0,04;"M|7|V"
193;"Ashkum";150,856;3811;0,6;0,81;0,32;"K|2|V"
342;"Blandou";305,857;2972;0,2;0,49;0,05;"M|5|V"
2502;"Taygeta";356,059;2802;0,3;0,54;0,07;"M|5|V"
2451;"Swartklip";487,555;2825;0,4;0,14;NA;"M|4|V"
1558;"Maderas";365,382;3766;0,7;0,77;0,26;"K|5|V"
1430;"Kwamashu";269,938;2845;0,3;0,25;0,01;"M|4|V"
2944;"Grant's Station";1836,562;2489;0,2;0,45;NA;"M|3|V"
1576;"Malibu";404,844;4521;0,7;0,84;0,52;"K|2|V"
357;"Bogerth";265,277;5206;0,9;1,05;1,46;"G|5|V"
1894;"Northsun";547,025;3480;0,4;0,32;0,01;"M|1|V"
433;"Cajamarca";292,741;2593;0,3;0,65;0,02;"M|2|V"
1636;"Mayetta";405,366;2458;0,2;0,45;0,07;"M|0|V"
1009;"Grossbach";480,268;4026;0,5;0,88;0,16;"K|5|V"
2671;"Ventabren";123,392;2621;0,4;0,24;0,04;"M|1|V"
668;"Dawn";376,42;3232;0,2;0,27;0,06;"M|3|V"
672;"Decatur";340,59;2412;0,1;0,22;0,05;"M|1|V"
627;"Crossing";257,684;5476;0,9;1,12;0,76;"G|2|V"
503;"Celentaro";487,178;2967;0,3;0,21;0,06;"M|0|V"
2127;"Redondo";502,369;3098;0,3;0,59;0,01;"M|3|V"
1973;"Palm";480,801;2529;0,1;0,17;0,02;"M|5|V"
676;"Dehgolan";199,071;NA;0,1;0,3;0,02;"M|7|V"
626;"Cronulla";253,18;3209;0,4;0,29;0,03;"M|1|V"
2391;"St. Ives";240,779;2492;0,2;0,58;0,05;"M|2|V"
2786;"Xhosa";174,559;3027;0,4;0,22;0,03;"M|4|V"
1984;"Paran";585,85;3930;0,6;0,73;0,28;"K|7|V"
3083;"Rest Stop";865,853;3809;0,5;0,95;0,56;"K|5|V"
1967;"Ozawa";84,824;3521;0,3;0,17;0,02;"M|1|V"
1774;"Muridox";396,698;NA;0,2;0,1;0,01;"M|7|V"
1438;"Labouchere";264,076;5264;0,9;1;0,64;"G|3|V"
135;"Angelsey";152,357;2439;0,3;0,25;0,04;"M|5|V"
1038;"Halgrim";644,72;2945;0,3;0,31;NA;"M|0|V"
3102;"Lemnos";1009,009;2520;0,2;0,43;0,06;"M|4|V"
1626;"Matsu";157,13;2451;0,2;0,34;0,02;"M|5|V"
920;"Galedon";374,782;5430;1;1,07;1;"G|4|V"
1467;"Laurent";306,122;2590;0,4;0,09;0,08;"M|2|V"
1971;"Palladaine";287,995;2920;0,2;0,55;0,07;"M|2|V"
2174;"Ronel";95,676;2829;0,4;0,59;0,05;"M|5|V"
1091;"Helsingfors";209,705;3180;0,3;0,61;0,01;"M|2|V"
3129;"Ålborg";744,608;2976;0,1;0,65;0,07;"M|5|V"
543;"Chirala";454,702;2526;0,2;0,18;0,08;"M|6|V"
2321;"Shitara";96,549;3389;0,4;0,56;0,06;"M|2|V"
2543;"Tiflis";404,578;2783;0,1;0,6;0,01;"M|5|V"
1976;"Pandora";249,55;2660;0,3;0,38;0,01;"M|2|V"
2417;"Storfors";371,449;2549;0,3;0,25;0,04;"M|7|V"
2800;"Ylemelke";508,828;5264;1;1,01;0,62;"G|5|V"
329;"Biota";275,291;2635;0,3;0,35;0,01;"M|4|V"
1420;"Kujari";266,335;5233;0,9;1,13;1,4;"G|2|V"
1678;"Menkib";149,445;4027;0,6;0,91;0,49;"K|7|V"
3132;"Cephei";693,324;2735;0,1;0,22;0,03;"M|5|V"
1712;"Minderoo";298,972;2949;0,4;0,14;0,04;"M|4|V"
2477;"Tancredi";439,674;5353;1;1,02;0,71;"G|2|V"
2121;"Rasalas";177,601;2460;0,4;0,31;0,06;"M|6|V"
873;"Finse";557,055;3705;0,5;0,83;0,51;"K|0|V"
919;"Galax";309,773;3218;0,3;0,24;0,04;"M|2|V"
3022;"Ghent";1183,486;2441;0,1;0,24;0,04;"M|8|V"
1631;"Mauripur";327,704;3270;0,2;0,36;0,08;"M|0|V"
553;"Chouli";334,009;3037;0,3;0,52;0,07;"M|0|V"
1713;"Mindrel";585,474;4526;0,5;0,83;0,14;"K|2|V"
1648;"Meadowvale";349,275;2669;0,2;0,1;0,02;"M|2|V"
1572;"Malagrotta";506,747;2647;0,2;0,25;0,03;"M|5|V"
1711;"Minakuchi";132,873;4180;0,5;0,82;0,49;"K|5|V"
2684;"Victoria";360,161;2653;0,3;0,65;0,02;"M|2|V"
1704;"Milligan's World";500,23;2714;0,4;0,5;0,05;"M|2|V"
3123;"Star Cluster 1108";1962,697;3761;0,7;0,73;0,48;"K|5|V"
1858;"New Vandenburg";434,541;4629;0,5;0,71;0,24;"K|3|V"
2240;"Sarikavak";425,824;3706;0,5;0,8;0,14;"K|2|V"
2228;"Santa-Ana";698,225;4205;0,6;0,95;0,2;"K|2|V"
2825;"Zdice";312,902;NA;0,1;0,54;0,07;"M|2|V"
1205;"Ionus";238,831;3964;0,7;0,76;0,55;"K|3|V"
441;"Calingasta";695,305;3882;0,7;0,79;0,59;"K|3|V"
832;"Evansville";295,871;2880;0,3;0,45;0,07;"M|3|V"
488;"Cascade";228,139;4977;0,5;0,83;0,17;"K|0|V"
406;"Brownsville";30,482;3707;0,6;0,93;0,08;"K|5|V"
1619;"Marshdale";368,265;5326;0,9;1,03;0,81;"G|2|V"
283;"Beckars";526,153;3767;0,6;0,9;0,25;"K|7|V"
2784;"Xanthe";337,454;3924;0,8;0,76;0,17;"K|2|V"
547;"Chitwan";173,436;4025;0,6;0,73;0,19;"K|2|V"
961;"Givrodat";554,982;2505;0,4;0,39;0,03;"M|8|V"
1508;"Logan's Land";481,64;2540;0,3;0,53;0,05;"M|2|V"
1450;"Lancaster";290,106;4019;0,8;0,94;0,24;"K|7|V"
2289;"Shahr Kord";431,611;4128;0,7;0,79;0,51;"K|6|V"
153;"Aosia";180,609;3395;0,3;0,17;0,05;"M|2|V"
3009;"Wismar";1269,059;2724;0,1;0,2;0,01;"M|5|V"
694;"Des Arc";503,544;2913;0,1;0,41;0,03;"M|5|V"
2989;"Dortmund";1072,368;2681;0,3;0,67;0,06;"M|5|V"
251;"Bandora";177,856;3366;0,3;0,1;0,03;"M|2|V"
1113;"Hinckley";463,02;5523;0,8;0,99;0,83;"G|4|V"
2084;"Qanatir";456,322;3328;0,2;0,18;0,05;"M|2|V"
2571;"Totness";686,633;2409;0,2;0,47;0,06;"M|3|V"
1857;"New Vallis";421,7;3059;0,4;0,44;0,07;"M|4|V"
2378;"Sorsk";740,099;2803;0,1;0,45;0,05;"M|3|V"
2672;"Verde";350,217;3255;0,4;0,31;0,02;"M|2|V"
1754;"Moravian";171,522;5377;1;0,99;1;"G|5|V"
2167;"Rocky";29,822;4232;0,6;0,93;0,09;"K|5|V"
2848;"Zuhbehr";353,953;2433;0,4;0,55;0,07;"M|5|V"
2760;"Windhoek";563,6;3555;0,2;0,22;0,03;"M|0|V"
1401;"Koskenkorva";520,55;2898;0,3;0,21;0,05;"M|2|V"
2839;"Zinal";527,101;3318;0,1;0,29;0,04;"M|2|V"
111;"Alyina";366,636;4596;0,7;0,92;0,44;"K|1|V"
1840;"New Mendham";188,716;2845;0,2;0,64;0,03;"M|5|V"
1907;"Nukus";320,607;3966;0,7;0,73;0,24;"K|5|V"
255;"Banori";509,596;2602;0,2;0,53;NA;"M|7|V"
2635;"Uravan";274,551;2882;0,2;0,45;0,02;"M|2|V"
1663;"Meinrad";401,763;2960;0,4;0,14;0,07;"M|4|V"
1418;"Kublenz";506,609;2470;0,2;0,48;0,02;"M|2|V"
189;"Asellus Borealis";155,214;3257;0,3;0,63;0,05;"M|3|V"
1198;"Ingonish";355,186;4199;0,8;0,89;0,42;"K|6|V"
1791;"Najha";214,127;3216;0,2;0,38;0,08;"M|2|V"
228;"Ayn Tarma";348,425;3325;0,2;0,24;0,02;"M|2|V"
31;"Adherlwin";439,696;2493;0,3;0,67;0,01;"M|4|V"
2247;"Sauk City";276,604;3817;0,8;0,73;NA;"K|5|V"
1471;"Leamington";365,139;3406;0,1;0,26;0,03;"M|2|V"
1814;"New Aragon";112,307;2403;0,4;0,54;0,07;"M|6|V"
787;"Elektrougli";216,119;2988;0,2;0,24;0,01;"M|3|V"
2356;"Skye";76,743;3968;0,8;0,88;0,43;"K|5|V"
2583;"Triesting";398,404;3849;0,6;0,74;0,11;"K|2|V"
2813;"Zambezi";431,563;3166;0,3;0,58;0,03;"M|2|V"
2709;"Waimalu";445,45;3779;0,5;0,85;0,2;"K|6|V"
292;"Bell";151,397;2676;0,1;0,44;0,06;"M|4|V"
3004;"Stettin";1247,706;2713;0,1;0,43;0,07;"M|4|V"
912;"Fuveau";498,13;4614;0,7;0,83;0,22;"K|2|V"
237;"Baggville";451,862;4511;0,5;0,91;0,45;"K|2|V"
2017;"Pesht";372,212;2650;0,4;0,34;0,06;"M|3|V"
2896;"Diik";705,361;5319;0,9;0,99;0,69;"G|4|V"
1105;"Hexare";235,219;3994;0,5;0,73;0,57;"K|6|V"
2731;"Wazan";140,817;5364;0,8;1,01;0,97;"G|2|V"
622;"Crestoblus";463,634;4153;0,6;0,9;0,31;"K|2|V"
1689;"Merton";411,152;2692;0,2;0,42;0,03;"M|2|V"
568;"Clipperton";322,215;5204;0,9;0,97;1,06;"G|2|V"
552;"Choudrant";340,676;4031;0,5;0,86;0,08;"K|1|V"
2300;"Sheliak";297,041;2507;0,2;0,29;0,03;"M|2|V"
2384;"Spencer";489,507;2431;0,4;0,41;0,06;"M|2|V"
154;"Apinzel";462,096;3538;NA;0,52;0,05;"M|1|V"
297;"Bellevue";333,059;5275;0,8;0,98;1,46;"G|2|V"
1339;"Keytesville";376,33;2805;0,1;0,18;0,06;"M|5|V"
1175;"Iijima";288,222;3486;0,2;0,29;0,03;"M|1|V"
1822;"New Ceylon";458,232;2478;0,2;0,37;0,01;"M|0|V"
1440;"Lacadon";190,406;4432;0,6;0,76;0,47;"K|4|V"
1203;"Inner Surge";571,188;3217;0,4;0,43;0,01;"M|1|V"
1327;"Kennard";476,896;2896;0,2;0,26;0,06;"M|3|V"
443;"Callison";64,34;4007;0,7;0,82;0,3;"K|2|V"
643;"Cyrton";500,424;2891;0,3;0,43;0,03;"M|2|V"
944;"Genf";191,789;3446;0,3;0,47;0,01;"M|0|V"
2936;"Barcella";1896,522;5464;1;1,07;0,81;"G|2|V"
2815;"Zanderij";319,656;3214;0,3;0,3;0,04;"M|3|V"
1164;"Hyperion";277,742;3350;0,3;0,38;0,05;"M|2|V"
2861;"Ballalaba";534,599;3029;0,3;0,31;0,05;"M|1|V"
2353;"Skokie";325,231;4597;0,6;0,9;0,21;"K|2|V"
2263;"Schrim";647,911;2967;0,4;0,55;0,03;"M|3|V"
2199;"Sabhal Mòr Ostaig";347,253;2887;0,1;0,09;0,06;"M|3|V"
390;"Breukelen";166,583;2743;0,4;0,38;0,05;"M|0|V"
1643;"McHenry";198,33;2422;0,3;0,17;0,03;"M|2|V"
1970;"Pajarito";485,93;3233;0,4;0,69;0,03;"M|3|V"
1707;"Milnerton";247,629;2480;NA;0,52;0,05;"M|8|V"
1090;"Helm";145,742;NA;0,3;0,46;0,02;"M|8|V"
1367;"Kitalpha";148,516;2437;0,1;0,16;0,06;"M|8|V"
923;"Gallery";225,874;2606;0,3;0,47;0,01;"M|4|V"
1615;"Marlette";160,857;2957;0,2;0,47;0,03;"M|4|V"
380;"Brabent";259,561;5757;0,9;0,97;0,93;"G|2|V"
1746;"Monroe";405,723;2878;0,3;0,65;0,06;"M|0|V"
23;"Acubens";72,795;3933;0,5;0,78;0,34;"K|5|V"
2985;"Bremen";1131,231;3869;0,8;0,8;0,34;"K|5|V"
1686;"Merope";387,431;3146;0,1;0,51;0,07;"M|0|V"
1376;"Kleinwelt";539,674;2525;0,4;0,5;0,06;"M|5|V"
1752;"Monywa";438,588;2913;0,3;0,07;0,02;"M|2|V"
1490;"Lima";241,842;2498;0,3;0,4;0,05;"M|6|V"
831;"Eutin";268,678;3345;0,2;0,66;0,06;"M|0|V"
2556;"Tiskilwa";232,043;3067;0,1;0,66;0,03;"M|4|V"
909;"Furillo";158,006;3255;0,4;0,37;0,02;"M|1|V"
3149;"Alloway";448,698;2539;0,3;0,5;0,06;"M|1|V"
2854;"EC821-387D";1744,888;3190;0,4;0,32;0,06;"M|3|V"
2330;"Sierpc";291,602;2648;0,2;0,55;0,05;"M|5|V"
1371;"Kiyev";193,019;4525;0,5;0,92;0,6;"K|2|V"
2871;"Marius's Tears";589,468;3003;0,1;0,36;0,01;"M|2|V"
1699;"Midkiff";227,922;2597;0,1;0,19;0,02;"M|0|V"
2299;"Shawnee";556,766;5359;1;1;0,86;"G|2|V"
2557;"Toffen";225,613;4232;0,5;0,72;0,56;"K|2|V"
36;"Afarsin";428,482;3868;0,6;0,92;0,1;"K|0|V"
705;"Diamantina";330,259;4046;0,8;0,83;0,46;"K|6|V"
682;"Delitzsch";357,95;2739;0,1;0,55;0,03;"M|2|V"
469;"Capricorn";205,947;3910;0,8;0,94;0,5;"K|2|V"
2668;"Velhas";287,136;2678;0,2;0,63;0,03;"M|4|V"
1605;"Marduk";216,782;5464;0,9;1,13;NA;"G|2|V"
483;"Carse";239,579;2496;0,2;0,46;0,03;"M|4|V"
911;"Futuna";283,493;5313;1;0,96;0,64;"G|5|V"
1131;"Hongor";500,918;4068;0,6;0,96;0,43;"K|3|V"
268;"Basiliano";343,42;3880;0,5;0,86;0,56;"K|3|V"
500;"Cebalrai";119,666;3353;0,1;0,47;0,08;"M|2|V"
2312;"Shimosuwa";143,006;2959;0,3;0,07;0,06;"M|3|V"
2692;"Vintru";197,41;2776;0,1;0,41;0,03;"M|0|V"
1411;"Kreller";357,934;4197;0,5;0,72;0,37;"K|6|V"
1607;"Mariefred";181,997;4317;0,5;0,93;0,19;"K|3|V"
2326;"Sialkot";542,589;2968;0,2;0,42;0,01;"M|3|V"
2080;"Purvo";265,626;4803;0,6;0,9;0,24;"K|2|V"
2078;"Prydain";365,823;4433;0,8;0,78;0,37;"K|2|V"
1010;"Grosvenor";363,576;4609;0,7;0,91;0,27;"K|2|V"
1830;"New Ganymede";425,894;4732;0,6;0,85;0,14;"K|2|V"
290;"Belaire";432,578;5223;0,9;1,09;1,03;"G|5|V"
943;"Gei-Fu";207,247;2733;0,1;0,67;0,05;"M|3|V"
2390;"St. Gall";115,273;2827;0,2;0,45;0,05;"M|1|V"
405;"Brooloo";390,228;3188;0,4;0,49;0,01;"M|3|V"
3094;"The Swan's Eye";889,671;5540;0,9;1,15;1,08;"G|2|V"
1759;"Moritz";321,08;3857;0,6;0,92;0,39;"K|2|V"
1915;"Nykvarn";407,808;3228;0,1;0,1;NA;"M|2|V"
2166;"Rockwellawan";487,954;3073;0,3;0,31;0,04;"M|3|V"
2470;"Tall Trees";66,747;2957;0,3;0,41;0,05;"M|5|V"
1148;"Huanghuadian";434,243;2704;0,1;0,21;0,02;"M|6|V"
2267;"Scudder";218,398;2475;0,4;0,28;0,03;"M|3|V"
2055;"Portland";516,729;2708;0,2;0,32;0,03;"M|4|V"
3092;"Star Cluster Briceno 1";1430,335;2696;0,4;0,34;0,08;"M|6|V"
1340;"Khartoum";427,96;2763;0,1;0,4;0,06;"M|2|V"
452;"Cameron";240,573;3030;0,1;0,27;0,07;"M|3|V"
2752;"Wetumpka";552,376;3777;0,6;0,8;0,51;"K|5|V"
2546;"Timbiqui";338,95;2836;0,3;0,26;0,02;"M|2|V"
2403;"Steeles";324,294;2649;0,3;0,6;0,06;"M|3|V"
422;"Butte Hold";473,261;4603;0,8;0,92;0,42;"K|3|V"
1237;"Jarett";427,535;2740;0,2;0,08;0,04;"M|0|V"
223;"Awano";187,392;3113;0,1;0,16;0,01;"M|2|V"
2600;"Tukayyid";210,467;5403;0,9;1,08;0,87;"G|2|V"
559;"Cimeron";372,243;3998;0,6;0,92;0,54;"K|6|V"
1346;"Kievanur";162,242;5452;0,8;0,98;0,82;"G|5|V"
624;"Crimond";240,578;3243;0,3;0,68;0,08;"M|2|V"
1419;"Kufstein";341,607;2648;0,2;0,43;0,05;"M|4|V"
1816;"New Avalon";288,627;2962;0,1;0,64;0,01;"M|1|V"
266;"Basalt";72,239;2586;0,3;0,59;0,08;"M|5|V"
752;"Dunianshire";504,089;2744;0,4;0,46;0,01;"M|5|V"
1510;"Loikaw";755,668;2769;0,1;0,09;0,05;"M|4|V"
1204;"Iolas";422,269;2553;0,2;0,25;0,08;"M|4|V"
1013;"Grunwald";225,298;2899;0,4;0,38;0,07;"M|4|V"
1846;"New Roland";401,342;5243;1;1,04;0,9;"G|5|V"
2068;"Principia";357,85;4175;0,5;0,82;0,21;"K|0|V"
1985;"Pardeau";149,723;2522;0,1;0,49;0,06;"M|1|V"
791;"Elix";84,453;2702;0,4;0,34;0,02;"M|3|V"
3043;"Waystation 531";1540,049;3785;0,5;0,82;0,43;"K|5|V"
485;"Carstairs";159,166;4654;0,5;0,78;0,57;"K|0|V"
2875;"Paulinus";544,507;4541;0,6;0,84;0,17;"K|0|V"
2309;"Shimoda";373,881;3358;0,3;0,28;0,04;"M|0|V"
1778;"Muscida";229,603;3916;0,5;0,76;0,39;"K|5|V"
1457;"Lapida";123,994;2537;0,1;0,19;0,03;"M|6|V"
287;"Beid";273,758;3089;0,1;0,45;0,06;"M|2|V"
2069;"Princton";414,151;4023;0,6;0,72;0,42;"K|0|V"
722;"Dirk's Gulf";271,335;2843;0,3;0,27;0,04;"M|0|V"
660;"Dansur";323,89;2512;0,2;0,54;0,07;"M|2|V"
905;"Fuentes";162,61;2519;0,2;0,47;0,03;"M|2|V"
2787;"Xi Ursae Majoris";24,758;2777;0,4;0,52;0,02;"M|5|V"
1230;"Jaipur";330,667;4463;0,7;0,93;0,41;"K|2|V"
2394;"St. Robert";434,616;2887;0,1;0,11;0,01;"M|3|V"
789;"Elidere";290,068;3167;0,2;0,66;0,05;"M|2|V"
2029;"Pilon";803,701;5479;0,9;1,08;NA;"G|2|V"
2953;"Marshall";1793,139;2446;0,2;0,24;0,03;"M|8|V"
1224;"Izmir";433,703;5508;0,9;0,97;1,21;"G|5|V"
1104;"Hesperus";132,143;4141;0,7;0,73;0,4;"K|5|V"
1215;"Ishtar";431,211;2829;0,2;0,65;0,04;"M|6|V"
1247;"Jerangle";477,006;2692;0,1;0,5;0,04;"M|0|V"
340;"Blair Atholl";288,544;2594;0,3;0,63;0,05;"M|5|V"
706;"Diass";308,861;NA;0,1;0,43;0,03;"M|3|V"
1421;"Kumqwat";307,86;2560;0,1;0,61;0,07;"M|3|V"
2837;"Zhongshan";383,677;2957;0,2;0,31;0,03;"M|5|V"
1037;"Halfway";266,805;3242;0,1;0,36;0,02;"M|2|V"
854;"Fathepur";358,295;3166;0,2;0,65;0,05;"M|3|V"
2754;"Whittington";150,419;3755;0,6;0,84;0,2;"K|2|V"
2511;"Telos";59,605;3807;0,5;0,71;0,09;"K|7|V"
653;"Dalton";257,401;5545;0,8;1,04;1,17;"G|5|V"
1845;"New Rhodes";103,576;3787;0,5;0,94;0,23;"K|3|V"
2499;"Taumaturgo";764,22;3467;0,2;0,51;0,04;"M|1|V"
515;"Chalouba";311,958;5515;1;1,03;0,98;"G|5|V"
2660;"Vantaa";358,933;2915;0,4;0,3;0,03;"M|5|V"
574;"Cole Harbour";316,492;3870;0,7;0,81;0,49;"K|2|V"
884;"Flintoft";384,391;2556;0,4;0,1;0,05;"M|4|V"
780;"El Dorado";303,414;NA;0,1;0,08;0,02;"M|4|V"
1023;"Gustrell";471,382;4653;0,8;0,91;0,25;"K|2|V"
15;"Acamar";55,235;2989;0,1;0,69;0,05;"M|1|V"
371;"Borka";330,52;NA;0,3;0,45;0,03;"M|3|V"
1200;"Ingvolstand";590,429;4081;0,5;0,88;0,46;"K|3|V"
1226;"Jabuka";221,254;4074;0,8;0,91;0,39;"K|5|V"
2227;"Sanilac";158,705;3249;0,3;0,5;0,04;"M|3|V"
2700;"Volders";292,777;3754;0,6;0,91;0,13;"K|2|V"
871;"Findal";584,066;2806;0,2;0,37;0,05;"M|6|V"
2563;"Tomans";228,019;3978;0,6;0,81;0,25;"K|7|V"
2943;"Glory";1838,239;3923;0,8;0,74;0,2;"K|7|V"
2681;"Vibrunum";531,858;2918;0,2;0,61;0,02;"M|2|V"
307;"Bergman's Planet";276,328;2633;0,2;0,27;0,05;"M|3|V"
1620;"Mas";482,429;4697;0,6;0,83;0,54;"K|3|V"
2111;"Raldamax";612,919;3038;0,2;0,18;0,05;"M|1|V"
962;"Glabach";456,417;2588;0,4;0,09;0,02;"M|0|V"
638;"Cusset";288,041;3212;0,2;0,42;0,08;"M|1|V"
692;"Derby";560,73;4098;0,5;0,81;0,17;"K|5|V"
1252;"Jiddah";365,767;2528;0,3;0,67;0,03;"M|3|V"
1079;"Heidelburg";590,922;2915;0,2;0,1;0,07;"M|1|V"
1047;"Hamilton";268,352;2764;0,4;0,15;0,03;"M|4|V"
438;"Caldwell";465,142;2419;0,4;0,23;0,07;"M|5|V"
328;"Binyang";371,027;2657;0,4;0,48;0,02;"M|1|V"
2342;"Simpson Desert";289,177;4528;0,6;0,77;0,57;"K|2|V"
1062;"Hartshill";520,448;2611;0,4;0,4;0,06;"M|5|V"
1202;"Inner End";592,086;4668;0,6;0,71;0,28;"K|2|V"
3018;"Bazaar";755,254;5556;0,8;1,13;1,43;"G|4|V"
1274;"Kafr Silim";311,453;2751;NA;0,69;0,05;"M|6|V"
907;"Fujidera";238,152;2854;0,1;0,52;0,06;"M|0|V"
2551;"Tintavel";262,893;NA;0,5;0,94;0,15;"K|1|V"
2432;"Sullivan";414,234;3335;0,1;0,41;0,02;"M|1|V"
1813;"New Ålborg";461,406;3057;0,3;0,55;0,07;"M|3|V"
1877;"Nirasaki";39,444;2925;0,2;0,64;0,04;"M|5|V"
2781;"Wyatt";67,775;3124;0,3;0,38;0,03;"M|2|V"
3122;"Saggina";2093,491;4277;0,7;0,85;0,26;"K|5|V"
1477;"Lengkong";352,498;2597;0,4;0,55;0,06;"M|2|V"
3121;"Rim Worlds Republic Outpost #11";1635,14;2829;0,2;0,6;0,03;"M|3|V"
30;"Adhara";484,902;2685;0,2;0,09;0,03;"M|5|V"
256;"Barahona";741,247;3335;0,3;0,24;0,02;"M|1|V"
953;"Gienah";183,531;2724;0,4;0,41;0,02;"M|1|V"
960;"Giverny";628,863;2913;0,1;0,56;0,02;"M|4|V"
2971;"Project Sagitarius Umbrella";640,735;2450;0,1;0,63;0,03;"M|3|V"
684;"Delos";616,325;2619;0,4;0,64;0,06;"M|7|V"
2516;"Tentativa";462,242;4639;0,5;0,83;0,1;"K|0|V"
2424;"Sturgis";422,565;2528;0,4;0,55;0,08;"M|2|V"
304;"Bentley";233,865;4260;0,6;0,78;0,41;"K|3|V"
2956;"Paxon";1880,977;3252;0,3;0,18;0,03;"M|3|V"
1077;"Hednesford";431,594;2554;0,2;0,21;0,03;"M|6|V"
536;"Chhaprauli";409,814;4451;0,6;0,84;0,35;"K|2|V"
2880;"Zorn's Keep";443,433;2706;0,4;0,37;0,03;"M|5|V"
2847;"Zosma";51,222;2901;0,2;0,36;0,07;"M|2|V"
294;"Bella";263,04;2679;0,3;0,23;0,02;"M|5|V"
386;"Breed";199,413;3091;0,1;0,21;0,08;"M|1|V"
92;"Alrescha";97,906;4060;0,6;0,91;0,56;"K|2|V"
505;"Ceram";546,033;3475;0,2;0,25;0,05;"M|0|V"
496;"Cavalor";392,55;2628;0,1;0,08;0,02;"M|5|V"
1193;"Incukalns";292,906;2611;0,3;0,68;0,01;"M|4|V"
1029;"Hadnall";296,156;3038;0,2;0,1;NA;"M|4|V"
2536;"Thraxa";496,608;3250;0,1;0,46;0,04;"M|1|V"
2884;"Belle Isle";634,303;3324;0,4;0,35;0,07;"M|2|V"
393;"Bringdam";421,5;2687;0,4;0,18;0,02;"M|5|V"
1285;"Kamarod";499,804;3520;0,2;0,54;0,08;"M|1|V"
931;"Gamlestolen";610,047;5356;1;1,06;1,09;"G|4|V"
1028;"Haddings";46,185;2939;0,4;0,28;0,02;"M|5|V"
1500;"Listowel";164,652;3450;0,1;0,61;0,03;"M|1|V"
364;"Booker";429,513;4068;0,7;0,77;0,37;"K|2|V"
2164;"Rochester";226,969;3899;0,5;0,95;0,4;"K|5|V"
1955;"Osumi";157,352;4851;0,8;0,74;0,57;"K|2|V"
1335;"Kessel";84,732;2577;0,2;0,54;0,03;"M|4|V"
501;"Ceiba";767,962;2548;0,2;0,23;0,04;"M|5|V"
1928;"Okains";361,02;3827;0,6;0,79;0,31;"K|4|V"
1561;"Maestu";291,07;3314;0,3;0,18;0,05;"M|1|V"
1249;"Jesenice";438,084;3184;0,3;0,33;0,03;"M|1|V"
913;"Gabenstad";530,542;2567;0,1;0,08;0,02;"M|3|V"
2462;"Tabayama";469,509;2882;0,1;0,5;0,05;"M|2|V"
1922;"Odessa";221,364;2494;0,2;0,45;0,08;"M|4|V"
1644;"McKellan";236,923;3463;0,1;0,5;0,06;"M|1|V"
1159;"Hustaing";251,749;2710;0,2;0,27;0,03;"M|5|V"
2000;"Payia";408,009;3272;0,4;0,16;0,02;"M|1|V"
1965;"Overton";212,973;3103;NA;0,42;0,04;"M|3|V"
2329;"Sidon";500,214;4061;0,5;0,95;0,35;"K|2|V"
2122;"Rasalgethi";216,273;3079;0,4;0,21;0,05;"M|3|V"
1296;"Karbala";198,101;3820;0,5;0,83;0,46;"K|6|V"
2314;"Shionoha";134,498;2555;0,3;0,1;0,06;"M|5|V"
2554;"Tiruppur";346,676;3304;0,2;0,31;0,07;"M|2|V"
2144;"Repulse";397,433;4267;0,7;0,92;0,48;"K|2|V"
1854;"New Syrtis";376,217;4107;0,6;0,75;0,12;"K|3|V"
1856;"New Valencia";225,586;5363;1;1,11;0,64;"G|3|V"
2830;"Zefri";545,24;2650;0,2;0,42;0,04;"M|5|V"
2175;"Rosamond";181,753;2636;0,4;0,1;0,05;"M|6|V"
1809;"Nerum";665,532;3864;0,7;0,71;0,47;"K|5|V"
1851;"New Sarum";482,102;2841;0,2;0,19;0,04;"M|3|V"
2669;"Venaria";404,873;4765;0,7;0,83;0,1;"K|2|V"
450;"Cambiano";426,772;NA;0,4;0,58;0,04;"M|3|V"
2785;"Xenia";466,101;2542;0,1;0,68;0,07;"M|2|V"
167;"Arcturus";191,109;2804;0,2;0,35;0,08;"M|0|V"
1143;"Hoyleton";508,766;2796;0,3;0,35;0,03;"M|3|V"
1101;"Herrmaz";507,426;5440;0,9;1,12;1,08;"G|4|V"
129;"Andelys";458,79;5343;0,8;0,97;1,02;"G|5|V"
70;"Algorab";115,66;3022;0,2;0,47;0,06;"M|3|V"
2811;"Zalt";706,871;3129;0,2;0,22;0,06;"M|3|V"
2679;"Vestallas";224,944;2775;0,4;0,62;0,03;"M|2|V"
1213;"Isesaki";338,17;5387;1;1,09;0,95;"G|5|V"
74;"Alkaid";105,182;2400;0,4;0,13;0,05;"M|0|V"
1885;"Nogales";347,017;5204;1;1,07;1,28;"G|2|V"
1835;"New Hope";117,871;2566;0,3;0,59;0,03;"M|7|V"
1924;"Offerman";575,698;4071;0,6;0,79;0,13;"K|6|V"
2585;"Trinidad";284,914;2560;0,4;0,45;0,03;"M|4|V"
2497;"Tatsuno";256,6;3356;0,4;0,49;0,06;"M|2|V"
2495;"Tatlawiksuk";417,381;2688;0,3;0,43;0,02;"M|0|V"
748;"Dubhe";72,383;5228;0,8;1;1,19;"G|5|V"
1680;"Merak";134,73;5282;1;1,14;1,16;"G|5|V"
805;"Engadine";499,328;3100;0,3;0,26;0,07;"M|3|V"
3147;"Taygete";482,001;2512;0,4;0,16;0,07;"M|8|V"
901;"Freedom";125,455;5536;1;1,13;0,66;"G|5|V"
2099;"Quincy";349,064;2762;0,4;0,31;0,07;"M|6|V"
2253;"Sawyer";465,727;2680;0,2;0,34;0,07;"M|3|V"
2711;"Waipahu";466,09;2840;0,4;0,52;0,03;"M|5|V"
2954;"New Kent";1788,524;4128;0,6;0,82;0,12;"K|6|V"
2973;"Asturias";1317,469;5319;0,8;1,12;1,3;"G|2|V"
615;"Coyle";659,147;4341;0,5;0,88;0,47;"K|2|V"
3157;"Nuncavoy";448,099;2877;0,3;0,28;0,02;"M|1|V"
128;"Andarmax";386,507;2962;NA;0,53;0,05;"M|4|V"
2750;"Westover";370,149;2884;0,1;0,28;NA;"M|4|V"
2835;"Zetang";725,84;2512;0,1;0,53;NA;"M|8|V"
1354;"Kimball";105,922;2755;0,4;0,22;0,02;"M|4|V"
72;"Alhena";83,739;2637;0,2;0,55;0,02;"M|6|V"
2922;"Siendou";313,183;4013;0,7;0,72;0,13;"K|5|V"
650;"Dalian";273,422;4143;0,6;0,72;0,41;"K|6|V"
2072;"Procyon";12,159;3158;0,2;0,36;0,03;"M|1|V"
2589;"Trondheimal";463,951;2512;0,4;0,14;0,04;"M|2|V"
2291;"Shaobuon";416,492;2882;0,3;0,36;0,07;"M|2|V"
2501;"Tawas";146,757;3867;0,6;0,85;0,34;"K|5|V"
2795;"Yardley";267,86;4222;0,7;0,86;0,26;"K|2|V"
2332;"Sighisoara";385,029;2403;0,4;0,38;NA;"M|5|V"
1573;"Malazan";286,051;3073;0,1;0,36;0,01;"M|0|V"
1612;"Maritgues";233,909;2402;0,3;0,12;0,06;"M|3|V"
2183;"Royal";226,948;4050;0,7;0,71;0,29;"K|6|V"
1405;"Koulen";436,717;2487;0,2;0,5;0,02;"M|8|V"
1458;"Larned";295,318;3193;0,1;0,61;0,03;"M|2|V"
300;"Benet";269,224;NA;0,6;0,73;0,59;"K|1|V"
1107;"Hibuarius";412,56;2524;0,4;0,21;0,01;"M|3|V"
1332;"Kern";404,238;3763;0,7;0,79;0,26;"K|2|V"
2469;"Talitha";48,665;2712;0,3;0,41;0,05;"M|5|V"
555;"Chukchi";202,057;3215;0,1;0,27;0,03;"M|3|V"
2532;"Thibodaux";576,214;3918;0,5;0,95;0,34;"K|5|V"
738;"Dralkig";528,922;2926;0,3;0,35;0,01;"M|1|V"
2762;"Winfield";537,907;2515;NA;0,22;0,06;"M|2|V"
434;"Calafell";388,99;4753;0,7;0,7;0,33;"K|2|V"
2520;"Tetski";491,614;2796;0,4;0,58;0,06;"M|5|V"
2139;"Rennes";545,482;2684;0,3;0,69;0,07;"M|3|V"
2524;"Thamel";415,771;3381;0,2;0,09;0,03;"M|1|V"
2338;"Silver";363,561;5284;1;1,01;0,94;"G|2|V"
2184;"Royal Foxx";441,428;2527;0,3;0,09;0,06;"M|3|V"
459;"Canal";486,867;4169;0,5;0,93;0,47;"K|3|V"
1947;"Organo";496,97;4688;0,7;0,91;0,33;"K|2|V"
1671;"Memphis";579,783;2443;0,2;0,65;0,05;"M|0|V"
2528;"The Edge";408,464;4159;0,5;0,76;0,45;"K|0|V"
169;"Ares";198,423;2708;0,4;0,43;0,01;"M|4|V"
2744;"Weldry";423,749;2630;0,4;0,61;0,03;"M|4|V"
222;"Avranches";340,42;2939;0,1;0,16;0,01;"M|3|V"
197;"Asuncion";101,771;2453;0,4;0,6;0,06;"M|8|V"
964;"Glasgow";217,489;2448;0,4;0,48;0,04;"M|2|V"
2411;"Sterope";484,401;NA;0,2;0,63;0,06;"M|3|V"
1679;"Mentasta";263,396;2742;0,1;0,15;0,08;"M|3|V"
862;"Ferranil";418,481;3339;NA;0,13;0,06;"M|2|V"
2569;"Tortuga Prime";704,53;2825;0,3;0,48;0,05;"M|3|V"
2801;"Yongd";329,086;2670;0,1;0,64;0,06;"M|3|V"
813;"Epsilon Eridani";28,075;4730;0,7;0,75;0,28;"K|2|V"
2620;"Ullieri";307,778;2969;0,4;0,17;0,02;"M|2|V"
829;"Euschelus";480,108;4028;0,7;0,71;0,44;"K|2|V"
1991;"Pascagoula";433,421;3969;0,6;0,81;0,55;"K|3|V"
2290;"Shalaine";544,863;2577;0,1;0,51;0,06;"M|5|V"
449;"Camadeierre";456,738;3249;0,3;0,25;0,04;"M|2|V"
2032;"Pingree";211,805;3712;0,5;0,73;0,57;"K|7|V"
2876;"Pompey";536,788;3238;0,3;0,3;0,04;"M|0|V"
2002;"Peabody";331,443;3093;0,1;0,37;0,08;"M|1|V"
1078;"Hegel";271,031;2794;0,4;0,33;0,06;"M|5|V"
1294;"Karachi";380,368;2435;0,2;0,2;0,08;"M|2|V"
2734;"Wedgefield";405,478;2853;0,1;0,44;0,05;"M|3|V"
1053;"Harbin";223,956;4643;NA;0,96;0,58;"K|3|V"
2343;"Sindalin";354,593;NA;0,3;0,37;0,03;"M|5|V"
7;"Abejorral";325,319;4031;0,8;0,75;0,16;"K|3|V"
930;"Gambilon";464,81;4666;0,5;0,76;0,44;"K|3|V"
491;"Cassias";327,554;4547;0,7;0,92;0,21;"K|2|V"
1109;"Highspire";155,765;2691;0,3;0,63;0,03;"M|3|V"
2578;"Trell";403,379;2853;0,2;0,6;0,02;"M|0|V"
308;"Bergtatt";392,916;4353;0,6;0,82;0,16;"K|0|V"
414;"Buckminster";155,649;2834;0,3;0,38;0,07;"M|5|V"
2596;"Tsitsang";120,366;2804;0,2;0,56;NA;"M|5|V"
1735;"Mogabouti";530,728;3125;0,2;0,54;0,08;"M|0|V"
1386;"Kohlman";199,366;2451;0,3;0,13;0,07;"M|4|V"
2945;"Hector";1776,214;4236;0,7;0,7;0,49;"K|2|V"
2862;"Dersidatz";481,729;2667;0,1;0,25;0,02;"M|0|V"
2798;"Yeguas";324,335;2962;0,3;0,53;0,05;"M|2|V"
1447;"Lamon";136,449;NA;0,9;1,08;0,64;"G|4|V"
1409;"Kowloon";469,383;3048;0,3;0,07;0,02;"M|2|V"
1715;"Minnacora";187,311;2763;0,4;0,69;0,03;"M|5|V"
2653;"Valois";612,48;3900;0,8;0,73;0,09;"K|7|V"
1747;"Montcoal";299,652;3182;0,3;0,65;0,07;"M|2|V"
1045;"Hamal";78,092;5229;0,9;1,03;0,86;"G|4|V"
1657;"Megiddo";613,31;3816;0,5;0,83;0,36;"K|7|V"
370;"Borghese";224,961;2813;0,1;0,4;0,05;"M|5|V"
2833;"Zempoatlepetl";253,688;3961;0,7;0,76;0,44;"K|3|V"
2581;"Trentham";462,809;2979;0,3;0,67;0,08;"M|2|V"
2979;"Navarre";1351,008;2590;0,3;0,2;0,07;"M|0|V"
2341;"Simone";541,312;5711;1;1,11;1,1;"G|2|V"
151;"Aodh";199,42;4839;0,5;0,91;0,48;"K|1|V"
3151;"Bellerophon";468,476;3027;0,4;0,29;0,07;"M|4|V"
2751;"Westphalia";162,613;2843;0,4;0,45;0,02;"M|5|V"
1839;"New Macao";144,856;2490;0,1;0,59;0,08;"M|8|V"
3093;"T Cephei";690,617;4386;0,8;0,85;0,34;"K|2|V"
2352;"Skiland";552,08;2864;0,1;0,35;0,04;"M|5|V"
152;"Aomen";323,666;2886;0,2;0,28;0,06;"M|4|V"
554;"Christiania";366,425;2490;0,3;0,15;0,03;"M|4|V"
1177;"Iknogoro";253,443;2792;0,1;0,62;0,03;"M|2|V"
735;"Dove";181,695;5349;0,9;1,06;1,06;"G|2|V"
2190;"Ruschegg";365,791;NA;0,2;0,35;0,04;"M|7|V"
506;"Cerberus";512,542;5340;1;1,01;NA;"G|5|V"
1347;"Kigamboni";322,903;5536;0,8;1,13;1,01;"G|4|V"
686;"Demeter";114,954;5340;1;1,12;0,98;"G|2|V"
95;"Alta";290,073;2646;0,3;0,13;0,03;"M|3|V"
507;"Cerignola";435,399;4180;0,6;0,79;0,17;"K|2|V"
2328;"Sichuan";114,02;5426;0,9;1,1;1,38;"G|4|V"
988;"Graceland";265,811;3894;0,8;0,79;0,25;"K|6|V"
2083;"Qalzi";465,835;2725;0,3;0,35;0,02;"M|5|V"
5;"Abbadiyah";402,356;4187;0,5;0,84;0,6;"K|5|V"
1552;"Macintosh";445,81;5387;0,9;1,09;NA;"G|5|V"
2319;"Shiro";293,99;2494;0,3;0,45;0,02;"M|4|V"
21;"Aconcagua";334,065;2765;0,2;0,34;0,06;"M|1|V"
2929;"Albion";1792,847;3178;0,2;0,4;0,03;"M|1|V"
10;"Aboukir";509,023;2960;0,1;0,48;0,06;"M|3|V"
935;"Gannett";176,158;NA;0,1;0,62;0,04;"M|2|V"
1277;"Kaifeng";168,386;3770;0,5;0,77;0,44;"K|2|V"
2966;"Tokasha";1731,797;2856;0,2;0,36;0,06;"M|1|V"
699;"Devil's Breath";557,736;5153;0,5;0,92;0,16;"K|0|V"
2042;"Pobeda";309,392;2801;0,4;0,54;0,05;"M|5|V"
2033;"Pinnacle";436,836;2867;0,4;0,63;0,02;"M|5|V"
1100;"Herotitus";434,101;2875;0,2;0,39;0,07;"M|4|V"
939;"Garstedt";402,291;4303;NA;0,83;0,26;"K|0|V"
1141;"Howick";466,878;4053;0,6;0,81;0,3;"K|5|V"
685;"Delphos";323,952;5313;0,9;1,03;1,03;"G|5|V"
1867;"Nichol's Rest";274,835;2525;0,3;0,42;0,01;"M|8|V"
612;"Courtney";283,773;NA;0,2;0,52;0,07;"M|0|V"
1284;"Kalmar";309,746;3150;0,4;0,17;0,03;"M|2|V"
1692;"Metter";542,192;4235;0,5;0,76;0,15;"K|3|V"
3174;"Matteo";328,476;4934;0,6;0,83;0,16;"K|0|V"
1783;"Mytilene";203,092;3114;0,2;0,65;0,07;"M|2|V"
966;"Glenlivet";175,141;3155;0,4;0,59;0,06;"M|3|V"
3040;"Trelleborg";927,031;3543;0,1;0,21;0,04;"M|0|V"
2894;"Dante";462,311;2931;0,2;0,42;0,03;"M|1|V"
2269;"Second Chance";131,766;5347;1;1,09;1,09;"G|5|V"
184;"Artru";498,275;2465;0,2;0,1;0,04;"M|8|V"
1129;"Home";323,295;4240;0,6;0,84;0,45;"K|3|V"
2081;"Pusht-i-rud";510,364;3041;0,4;0,17;0,05;"M|2|V"
1706;"Millungera";291,661;3053;NA;0,68;0,06;"M|3|V"
519;"Chanute";464,329;2503;0,1;0,16;0,04;"M|1|V"
617;"Crawford";344,456;2635;0,3;0,09;0,03;"M|1|V"
3134;"Fylovar";672,878;4780;0,8;0,94;0,58;"K|2|V"
139;"Anjin Muerto";591,69;2497;0,4;0,44;0,02;"M|1|V"
2472;"Tallin";292,651;3849;0,7;0,73;0,56;"K|2|V"
1003;"Greenlaw";277,786;3856;0,8;0,76;0,18;"K|5|V"
734;"Dothan";454,035;3798;0,6;0,81;0,16;"K|5|V"
2015;"Perrot";271,523;2609;0,3;0,55;0,07;"M|2|V"
1727;"Miyada";395,274;2527;0,4;0,49;0,03;"M|8|V"
3044;"Wolf Orbital 82";691,654;2638;0,4;0,46;0,02;"M|1|V"
126;"Ancha";83,676;3832;0,5;0,82;0,4;"K|5|V"
999;"Great Gorge";560,312;3058;0,3;0,29;0,04;"M|2|V"
1069;"Haynesville";462,104;2874;0,1;0,14;0,05;"M|0|V"
464;"Capac";315,269;2761;0,3;0,46;0,03;"M|1|V"
3150;"Balawat";509,143;5412;0,8;1;1,35;"G|5|V"
2799;"Yidtall";480,298;2735;0,3;0,64;0,07;"M|6|V"
263;"Bartrock";608,951;2859;0,3;0,64;0,07;"M|1|V"
226;"Ayacucho";406,765;2971;0,1;0,43;0,03;"M|5|V"
2387;"Spittal";349,575;2865;0,1;0,47;0,05;"M|5|V"
1662;"Meinhof";245,699;2513;0,3;0,67;0,06;"M|8|V"
473;"Cardff";377,921;2590;0,2;0,51;0,07;"M|5|V"
1843;"New Port Royal";691,486;3672;0,1;0,41;0,05;"M|0|V"
2344;"Sinope";429,558;2561;0,1;0,23;0,01;"M|2|V"
2507;"Tedibyhr";139,973;2990;0,2;0,12;NA;"M|1|V"
1229;"Jacson";363,683;2563;0,3;0,2;0,04;"M|5|V"
2141;"Renown";400,062;2532;0,3;0,56;0,02;"M|5|V"
1513;"Lone Star";50,631;2708;0,3;0,28;0,04;"M|5|V"
1201;"Inman";556,066;2948;0,2;0,3;0,01;"M|1|V"
592;"Coopertown";546,037;3769;0,6;0,82;0,15;"K|5|V"
558;"Cilvituk";542,558;2754;0,4;0,43;0,06;"M|1|V"
1320;"Keihoku";373,707;3256;0,2;0,41;0,04;"M|2|V"
2093;"Quentin";47,634;4192;0,6;0,8;0,13;"K|3|V"
1507;"Logandale";147,645;3131;0,2;0,07;0,04;"M|3|V"
2271;"Segerica";407,856;3971;0,7;0,91;0,43;"K|5|V"
1694;"Miaplacidus";84,576;2936;0,1;0,44;0,07;"M|2|V"
563;"Claxton";264,639;NA;0,8;0,96;0,5;"K|5|V"
938;"Garrison";207,811;2683;NA;0,5;0,03;"M|2|V"
2037;"Plataea";166,726;3155;0,2;0,22;0,05;"M|2|V"
2401;"Star's End";440,098;4288;0,7;0,91;0,18;"K|5|V"
1544;"Lynchburg";364,022;5653;0,8;1,12;1,31;"G|2|V"
1929;"Okaya";115,363;2789;0,2;0,17;0,03;"M|0|V"
878;"Fjernet";468,304;NA;0,1;0,43;0,03;"M|2|V"
1262;"Joshua";638,782;5474;1;1,02;1,42;"G|5|V"
246;"Ballynure";259,651;2936;NA;0,48;0,05;"M|3|V"
916;"Gahral";213,84;2684;NA;0,6;0,02;"M|0|V"
842;"Faleolo";274,904;2435;0,3;0,11;0,07;"M|0|V"
1685;"Mermentau";522,843;2499;0,4;0,42;0,05;"M|2|V"
816;"Erewhon";483,043;4771;0,7;0,95;0,57;"K|2|V"
1764;"Morven";563,9;2770;0,3;0,19;0,04;"M|4|V"
971;"Gniezno";129,436;4471;0,5;0,8;0,22;"K|3|V"
1904;"Nowhere";546,646;2505;0,2;0,32;0,05;"M|5|V"
2286;"Seven Lands";526,169;2693;0,1;0,34;0,04;"M|5|V"
426;"Cabanatuan";535,102;2768;0,1;0,53;0,08;"M|0|V"
1034;"Hainfeld";268,861;5664;0,9;1,14;0,81;"G|3|V"
1664;"Mejicanos";506,009;3113;0,4;0,41;0,06;"M|2|V"
1799;"Naryn";363,063;2452;0,2;0,4;0,08;"M|2|V"
1384;"Kockengen";187,347;4299;0,6;0,76;0,52;"K|3|V"
332;"Bismarck";361,105;2467;0,2;0,63;0,06;"M|6|V"
1804;"Necromo";214,715;2768;0,4;0,12;0,06;"M|1|V"
1515;"Loparri";542,601;3064;0,4;0,33;0,04;"M|4|V"
2624;"Ulysses";413,701;3896;0,5;0,89;0,48;"K|2|V"
100;"Altenmarkt";224,223;2440;0,2;0,63;0,07;"M|8|V"
1862;"Newton";318,878;2469;0,4;0,36;0,06;"M|7|V"
1295;"Karakiraz";364,621;3855;0,7;0,71;NA;"K|5|V"
2013;"Perkasie";194,354;3876;0,5;0,87;0,53;"K|3|V"
2475;"Tamarind";281,545;2581;0,3;0,13;0,01;"M|0|V"
2225;"San Nicolas";425,085;NA;0,4;0,23;0,05;"M|0|V"
435;"Calchedon";379,296;3071;0,3;0,69;0,06;"M|3|V"
381;"Brailsford";505,55;3190;0,3;0,36;0,07;"M|2|V"
2856;"Addhara";531,91;5476;0,9;1,05;1,27;"G|2|V"
210;"Augusta";299,14;2727;0,3;0,4;0,07;"M|6|V"
2257;"Schedar";119,763;5392;0,8;1,01;1,41;"G|5|V"
1271;"Junior";399,621;3967;0,5;0,78;0,54;"K|2|V"
419;"Burton";459,787;2545;0,2;0,35;0,03;"M|0|V"
26;"Addicks";71,442;2451;0,1;0,21;0,04;"M|8|V"
940;"Gatchina";400,662;3572;0,4;0,57;0,08;"M|0|V"
262;"Barstow";175,434;3151;0,3;0,11;0,08;"M|0|V"
310;"Bessarabia";277,985;2459;0,2;0,64;0,04;"M|6|V"
32;"Adler";261,699;2583;0,3;0,34;0,06;"M|5|V"
986;"Goubellat";388,164;2681;0,3;0,42;0,07;"M|1|V"
2203;"Sadalbari";144,287;2966;0,4;0,55;0,07;"M|5|V"
1596;"Manteno";202,418;2516;0,4;0,3;0,01;"M|5|V"
238;"Bahl's Retreat";221,821;2907;0,3;0,11;0,05;"M|2|V"
2545;"Tikonov";111,166;2980;0,1;0,59;0,05;"M|0|V"
2279;"Senftenberg";208,994;2463;0,1;0,68;0,06;"M|2|V"
253;"Bangor";391,755;3966;0,5;0,74;0,47;"K|5|V"
1015;"Guangzho";305,802;3367;NA;0,33;0,04;"M|2|V"
1884;"Nockatunga";294,042;2522;0,2;0,26;0,04;"M|3|V"
2832;"Zelski";536,198;2869;0,3;0,67;0,04;"M|3|V"
2382;"Sparrevohn";391,961;4361;0,5;0,82;0,41;"K|5|V"
1394;"Konopiste";288,934;2532;0,3;0,4;0,02;"M|4|V"
2;"Aalzorg";637,911;4175;0,6;0,84;0,16;"K|4|V"
3007;"Tomalov";1025,026;3195;NA;0,66;0,07;"M|1|V"
2673;"Verdigreis";498,288;3802;0,7;0,92;0,28;"K|5|V"
2664;"Vaucluse";522,596;3200;0,1;0,49;0,08;"M|3|V"
43;"Aigle";235,54;4780;0,7;0,75;0,41;"K|2|V"
2588;"Trondheim";411,701;2927;0,2;0,58;0,04;"M|2|V"
2887;"Carthage";505,07;3171;0,4;0,14;0,01;"M|3|V"
75;"Alkalurops";57,737;2574;0,3;0,38;0,08;"M|3|V"
35;"Aer";195,571;3223;0,4;0,07;0,03;"M|2|V"
1586;"Manennaia";93,698;2887;NA;0,26;0,04;"M|5|V"
2038;"Pleiades Cluster";385,94;2629;0,4;0,28;0,08;"M|2|V"
635;"Curaumilla";351,204;2874;0,4;0,44;0,08;"M|5|V"
2767;"Wittington";437,116;2521;0,4;0,55;0,03;"M|5|V"
2473;"Tallmadge";279,21;2480;0,2;0,65;0,05;"M|5|V"
681;"Delavan";286,153;3237;0,3;0,14;0,04;"M|2|V"
1118;"Hobbs";353,259;4545;0,5;0,87;0,26;"K|0|V"
2101;"Quittacas";270,647;2826;NA;0,42;0,03;"M|3|V"
2258;"Schererville";350,463;5531;1;0,99;0,84;"G|4|V"
279;"Bayindir";383,041;2667;0,4;0,26;0,04;"M|2|V"
1191;"Inarcs";448,404;4585;0,7;0,77;0,44;"K|3|V"
217;"Avawatz";167,53;4641;0,7;0,79;0,54;"K|3|V"
2003;"Peacock";229,088;3272;0,4;0,18;0,03;"M|1|V"
1529;"Lucianca";189,926;2672;0,3;0,42;0,07;"M|7|V"
220;"Avior";200,721;5488;0,9;1,07;0,93;"G|2|V"
2703;"Vortalcoy";491,941;2441;0,2;0,62;0,01;"M|5|V"
1585;"Mandeville";727,345;4037;0,6;0,72;0,13;"K|6|V"
1112;"Himmels";444,101;2913;0,2;0,38;0,06;"M|3|V"
2044;"Point Barrow";385,425;3889;0,6;0,78;0,11;"K|6|V"
1353;"Kilmarnock";314,692;2627;0,4;0,56;0,06;"M|5|V"
1659;"Megrez";215,34;4257;0,6;0,7;0,51;"K|5|V"
1318;"Keeling";278,311;2887;0,2;0,29;0,05;"M|5|V"
2045;"Pojos";386,641;5428;0,9;1,08;1,12;"G|2|V"
2132;"Reisling's Planet";193,365;2468;0,1;0,08;0,05;"M|3|V"
950;"Gibbs";255,686;2747;0,2;0,08;0,08;"M|5|V"
1579;"Manassas";338,263;2401;0,2;0,22;0,08;"M|2|V"
1818;"New Britain";47,967;3771;0,5;0,84;0,13;"K|6|V"
2955;"Niles";1710,975;3423;0,3;0,47;0,07;"M|1|V"
2514;"Tengil";318,66;2716;0,3;0,44;0,04;"M|2|V"
2207;"Saginaw";314,502;4321;0,5;0,78;0,2;"K|5|V"
2076;"Proserpina";161,889;2451;0,2;0,13;0,07;"M|3|V"
2313;"Shinonoi";96,401;2907;0,1;0,68;0,06;"M|5|V"
2697;"Virtue";408,863;3969;0,5;0,72;0,2;"K|6|V"
424;"Bye's Ship";553,795;3920;0,7;0,92;0,53;"K|2|V"
1132;"Hongqiao";325,184;3158;0,1;0,48;0,07;"M|2|V"
59;"Aldebaran";69,028;2791;0,2;0,56;0,02;"M|6|V"
2039;"Pleione";94,829;2595;0,1;0,54;0,05;"M|2|V"
2196;"Rzhishchev";368,823;2729;0,4;0,44;0,07;"M|4|V"
2550;"Tinaca";282,675;2470;0,4;0,61;0,02;"M|5|V"
820;"Eschenberg";235,12;2701;0,2;0,39;0,02;"M|2|V"
125;"Anatolia";513,542;3210;0,4;0,12;0,05;"M|1|V"
997;"Gravensteen";257,231;4856;0,5;0,83;0,29;"K|2|V"
1414;"Krimari";468,344;NA;0,1;0,48;0,06;"M|6|V"
1535;"Lungdo";147,205;2548;NA;0,35;0,01;"M|5|V"
2396;"Stanley";428,409;2528;0,4;0,67;0,08;"M|8|V"
2597;"Tsukude";121,063;3171;0,3;0,28;0,02;"M|1|V"
891;"Foochow";131,957;2765;0,2;0,39;0,03;"M|3|V"
2059;"Prato";404,055;4288;0,6;0,82;0,42;"K|5|V"
2598;"Tuamotu";299,675;3321;0,2;0,2;0,01;"M|2|V"
934;"Gangtok";491,293;2771;0,1;0,54;0,03;"M|3|V"
823;"Espia";390,061;2629;0,3;0,47;0,06;"M|1|V"
630;"Csesztreg";397,4;5799;0,9;1,09;1,33;"G|2|V"
2886;"Cadiz";536,139;2429;0,1;0,51;0,01;"M|1|V"
1698;"Midale";408,778;4223;0,7;0,95;0,51;"K|0|V"
2373;"Somerset";454,587;3119;0,1;0,27;0,06;"M|3|V"
71;"Algot";119,228;3032;0,3;0,39;0,02;"M|1|V"
2239;"Sargasso";344,965;2842;0,4;0,15;0,04;"M|4|V"
1956;"Otho";192,944;4010;0,7;0,92;0,55;"K|7|V"
1901;"Novaya Zemlya";257,388;3988;0,5;0,92;0,28;"K|7|V"
2500;"Taurus";435,328;3455;0,4;0,16;0,07;"M|1|V"
2117;"Ramsau";222,518;3622;0,2;0,56;0,06;"M|0|V"
2041;"Plymouth";350,856;2664;0,4;0,67;NA;"M|1|V"
2625;"Umgard";437,137;2600;0,3;0,21;0,03;"M|7|V"
3095;"Anglia";1015,357;4534;0,6;0,71;0,36;"K|2|V"
2124;"Rastaban";264,981;3808;0,6;0,83;0,13;"K|3|V"
2582;"Tresspass";589,45;3950;0,7;0,91;0,09;"K|7|V"
1291;"Kanowit";256,791;3071;0,3;0,48;0,04;"M|3|V"
265;"Baryshevo";422,225;2500;0,2;0,24;0,02;"M|2|V"
1516;"Lopez";332,545;4707;0,5;0,92;0,33;"K|2|V"
87;"Alpha Eridani";83,787;2486;0,1;0,23;0,03;"M|5|V"
463;"Cap Rouge";331,598;2738;0,2;0,68;0,07;"M|4|V"
1206;"Ipava";279,78;4141;0,7;0,9;0,23;"K|3|V"
168;"Ardoz";250,096;4113;0,7;0,87;0,36;"K|2|V"
2986;"Bruges";1185,39;2812;0,3;0,43;0,07;"M|3|V"
855;"Fatima";178,492;2781;0,4;0,19;0,01;"M|2|V"
757;"Dustball";285,97;3230;0,1;0,49;0,03;"M|0|V"
2881;"Aea";453,838;3431;0,4;0,36;0,04;"M|1|V"
362;"Bone-Norman";463,592;4004;0,7;0,74;0,26;"K|0|V"
1564;"Mahrah";469,515;4059;0,6;0,93;0,24;"K|5|V"
2927;"Úr Cruinne";472,184;2437;0,2;0,11;0,05;"M|8|V"
844;"Fallon";371,02;3414;0,2;0,52;0,02;"M|1|V"
313;"Beta Regulus";342,028;2533;0,4;0,66;0,01;"M|8|V"
2768;"Wokha";770,124;2673;0,2;0,51;0,02;"M|7|V"
3161;"Gaucin";523,184;3776;0,6;0,9;NA;"K|0|V"
385;"Braunton";270,161;3525;0,3;0,11;0,06;"M|1|V"
239;"Bainsville";164,142;2954;0,3;0,65;0,05;"M|2|V"
2218;"Saltillo";321,509;4511;0,5;0,72;0,45;"K|3|V"
1909;"Numenor";303,528;2986;0,2;0,37;0,05;"M|1|V"
531;"Chenier";582,044;NA;0,6;0,85;0,44;"K|3|V"
2130;"Reinbak";534,192;2506;0,4;0,45;NA;"M|5|V"
3112;"Horgens";1209,767;3261;0,2;0,4;0,06;"M|2|V"
1769;"Multan";490,436;2402;0,1;0,58;0,07;"M|7|V"
847;"Falsterbo";225,756;2419;0,3;0,61;0,01;"M|8|V"
2295;"Shasta";241,161;2929;0,3;0,51;0,06;"M|3|V"
1194;"Indicass";259,328;4192;0,7;0,8;0,48;"K|6|V"
1979;"Panpour";450,36;2968;0,2;0,16;0,04;"M|2|V"
1836;"New India";460,77;2622;0,4;0,28;0,03;"M|4|V"
2379;"Sorunda";139,055;2824;0,3;0,51;0,05;"M|3|V"
1265;"Joyz";468,364;NA;0,4;0,28;0,05;"M|5|V"
1185;"Ilzra";397,87;4627;0,7;0,89;0,17;"K|3|V"
2707;"Vulture's Nest";481,93;2942;0,4;0,2;0,06;"M|2|V"
2674;"Verdinge";517,154;3922;0,5;0,71;0,13;"K|3|V"
1693;"Mezzana";367,429;4298;0,6;0,85;0,54;"K|1|V"
1168;"Ichlangis";413,894;5588;0,9;1,07;1,13;"G|4|V"
2027;"Pike";44,113;3070;0,2;0,2;0,03;"M|2|V"
1122;"Hoff";266,707;2485;0,2;0,57;0,02;"M|8|V"
180;"Armstrong";488,465;2889;0,3;0,45;0,02;"M|1|V"
369;"Borgan's Rift";425,268;4615;0,5;0,94;0,25;"K|0|V"
2220;"Saltville";390,801;2413;0,2;0,51;0,07;"M|3|V"
2808;"Yuris";375,492;3052;0,2;0,69;0,02;"M|1|V"
1553;"Mackenzie";345,175;2439;0,1;0,66;0,03;"M|8|V"
124;"Anaheim";432,199;3752;0,6;0,75;0,33;"K|6|V"
560;"Ciotat";171,593;2583;0,4;0,2;0,04;"M|3|V"
606;"Corydon";220,061;2931;0,1;0,31;0,06;"M|3|V"
1492;"Lindenmarle";436,198;2457;0,1;0,41;0,01;"M|5|V"
1030;"Haerhbin";213,743;3091;0,4;0,22;0,04;"M|1|V"
697;"Desolate Plains";416,418;2428;0,4;0,22;0,01;"M|1|V"
437;"Caldrea";196,249;2970;0,4;0,18;0,06;"M|5|V"
1083;"Helen";58,324;2694;0,2;0,14;0,04;"M|2|V"
2951;"Londerholm";1873,158;2431;0,2;0,49;0,02;"M|6|V"
2974;"Castile";1288,895;3054;0,3;0,35;0,07;"M|4|V"
2718;"Wapakoneta";248,167;3061;0,4;0,47;0,06;"M|0|V"
1775;"Murmansk";389,875;2635;0,4;0,36;0,06;"M|5|V"
1960;"Ourem";721,242;3862;0,7;0,76;0,43;"K|0|V"
2719;"Wappingers";290,103;4758;0,8;0,91;0,54;"K|0|V"
1841;"New Olympia";198,809;4829;0,8;0,94;0,52;"K|2|V"
1958;"Ottumwa";399,975;3874;0,7;0,87;0,57;"K|3|V"
2334;"Sigurd";490,833;3150;0,3;0,46;0,01;"M|1|V"
2661;"Vard";362,643;2524;0,2;0,53;0,07;"M|5|V"
2364;"Smythe";293,964;5486;1;1,1;1,03;"G|2|V"
1498;"Lintz";220,902;2767;0,3;0,38;0,07;"M|4|V"
2297;"Shaun";332,358;2872;0,4;0,21;0,01;"M|3|V"
2852;"Zwenkau";233,922;2729;NA;0,36;0,02;"M|0|V"
2602;"Turinge";187,538;2712;0,1;0,29;0,03;"M|2|V"
2150;"Rhodos";222,587;3816;0,5;0,92;0,17;"K|3|V"
1525;"Loyalty";268,853;2434;0,2;0,08;0,08;"M|8|V"
448;"Calvados";459,103;3955;0,5;0,9;0,6;"K|2|V"
2648;"Valexa";143,133;2984;0,4;0,69;0,01;"M|1|V"
2452;"Sweet Water";487,386;4179;0,7;0,72;0,27;"K|3|V"
2442;"Susulatna";357,089;2432;0,3;0,37;0,08;"M|7|V"
987;"Gouderak";373,44;4110;0,6;0,79;0,41;"K|5|V"
2108;"Ragusa";217,821;2620;0,2;0,63;0,07;"M|7|V"
1855;"New Troy";264,885;3764;0,5;0,76;0,1;"K|3|V"
89;"Alphecca";77,664;4086;0,7;0,93;0,4;"K|2|V"
2215;"Salem";262,141;5643;1;1,09;1,21;"G|4|V"
2963;"Tamaron";1856,995;2898;0,4;0,52;0,05;"M|3|V"
3020;"Ctesiphon";1093,331;2500;0,4;0,28;0,04;"M|3|V"
2335;"Sikkim";468,619;4198;0,7;0,94;0,09;"K|3|V"
3000;"Lübeck";1078,732;4314;0,7;0,76;0,2;"K|5|V"
2689;"Viluisk";557,1;2473;0,4;0,37;0,06;"M|7|V"
274;"Batavia";208,581;2488;0,1;0,63;0,03;"M|8|V"
2622;"Ulubis";607,488;4003;0,7;0,96;0,33;"K|2|V"
1316;"Kazu";377,985;2510;0,2;0,68;0,01;"M|5|V"
704;"Dhaulgiri";311,533;3199;0,4;0,63;0,04;"M|3|V"
2398;"Stanzach";316,164;2531;0,1;0,29;0,06;"M|2|V"
213;"Aur";199,01;3726;0,8;0,76;0,44;"K|3|V"
2976;"Galicia";1322,66;2939;0,3;0,52;0,02;"M|2|V"
110;"Alya";100,16;NA;0,4;0,15;0,02;"M|3|V"
693;"Derf";415,791;2588;0,2;0,57;0,05;"M|3|V"
1021;"Gurnet";249,28;5600;0,8;0,99;1,08;"G|2|V"
3105;"Aurigae";1503,317;2564;0,2;0,14;0,03;"M|5|V"
3045;"Argondale";1104,532;2646;0,3;0,21;0,04;"M|5|V"
2244;"Sarpsborg";153,108;3760;0,8;0,88;0,58;"K|5|V"
1322;"Kelang";409,796;3353;0,4;0,56;0,05;"M|2|V"
942;"Geifer";190,01;4109;0,6;0,89;0,17;"K|4|V"
1796;"Nanking";56,522;5758;0,9;0,97;1,01;"G|2|V"
2611;"Tyrlon";461,226;2861;0,4;0,36;0,01;"M|5|V"
2423;"Sturganos";373,577;2760;0,1;0,09;0,08;"M|3|V"
2868;"Logan Prime";536,04;2688;0,4;0,49;0,01;"M|5|V"
2548;"Timehri";395,6;2503;0,2;0,22;0,06;"M|8|V"
1543;"Lyceum";435,249;2729;0,3;0,67;0,03;"M|2|V"
839;"Fagerholm";372,14;2884;0,2;0,15;0,07;"M|2|V"
1476;"Leiston";292,421;3778;0,6;0,79;0,32;"K|7|V"
770;"Edirne";546,306;2503;0,2;0,15;0,05;"M|4|V"
993;"Granera";344,691;4359;0,5;0,85;0,16;"K|0|V"
679;"Delacruz";389,291;2868;0,4;0,57;0,06;"M|1|V"
2416;"Stonarboi";325,195;3331;0,1;0,13;0,03;"M|0|V"
2464;"Taga";225,653;NA;NA;0,66;0,02;"M|4|V"
2242;"Sarmaxa";171,838;2599;0,3;0,08;0,03;"M|4|V"
2958;"Roche";1871,166;3011;0,3;0,31;0,07;"M|4|V"
412;"Buchlau";98,187;2798;0,4;0,22;NA;"M|1|V"
2682;"Vicente";454,397;3115;0,2;0,36;0,05;"M|1|V"
481;"Carnac";235,037;4607;0,5;0,94;0,26;"K|2|V"
718;"Dili";304,312;2598;0,4;0,34;0,03;"M|4|V"
356;"Bogard";271,276;5562;1;1,13;1,35;"G|4|V"
2623;"Ulvskollen";618,155;3307;0,2;0,14;0,07;"M|1|V"
2683;"Vicksland";287,646;2687;0,2;0,57;0,02;"M|3|V"
2274;"Sekulmun";305,878;2538;0,2;0,26;0,02;"M|8|V"
44;"Aiguebelle";398,048;3768;0,6;0,92;0,37;"K|7|V"
1658;"Meglan";286,714;2420;0,3;0,16;0,07;"M|5|V"
1728;"Miyako";341,695;5323;0,9;1;0,86;"G|2|V"
2666;"Veckholm";169,866;4031;0,7;0,81;0,58;"K|6|V"
1583;"Mandaree";358,853;3938;0,5;0,84;0,34;"K|6|V"
1146;"Huaide";473,488;4118;0,6;0,96;0,16;"K|5|V"
1269;"June";484,247;2524;0,1;0,68;0,05;"M|5|V"
2418;"Stotzing";402,537;2814;0,2;0,62;0,06;"M|5|V"
726;"Dobson";205,89;5819;1;1,15;1,06;"G|2|V"
2987;"Danzig";1064,164;2444;0,4;0,32;0,03;"M|4|V"
466;"Caph";12,929;3458;0,3;0,49;0,06;"M|1|V"
2726;"Watermael";356,312;3750;0,6;0,76;0,51;"K|4|V"
1400;"Kosciusko";316,105;2642;0,2;0,27;0,07;"M|6|V"
2779;"Wrociaw";320,163;4489;0,7;0,89;0,58;"K|2|V"
2628;"Undra";162,402;3071;0,2;0,26;0,08;"M|3|V"
2549;"Timkovichi";315,97;2550;0,3;0,47;0,05;"M|2|V"
712;"Die Moot";415,323;3028;0,2;0,18;0,02;"M|2|V"
2857;"Algenib";579,783;2571;0,3;0,11;0,04;"M|5|V"
1035;"Hakkaido";351,968;4032;0,8;0,8;0,52;"K|0|V"
2370;"Sol";0;5198;0,5;0,86;0,24;"K|0|V"
1622;"Masterton";471,527;2578;0,4;0,57;0,04;"M|3|V"
3140;"Lamar";267,085;2489;0,2;0,37;0,08;"M|3|V"
1005;"Griffith";342,403;2521;0,3;0,53;0,03;"M|6|V"
1653;"Medzev";259,667;5419;0,8;1,01;1,34;"G|4|V"
631;"Csomad";517,606;2943;0,2;0,4;0,07;"M|0|V"
1790;"Nai-Stohl";72,411;3024;0,4;0,16;0,04;"M|1|V"
3013;"Idrmach";607,78;2935;0,3;0,58;0,07;"M|1|V"
77;"Alktral";766,482;2714;0,3;0,41;0,08;"M|5|V"
1524;"Loxley";384,378;2455;0,1;0,32;0,05;"M|3|V"
857;"Feijo";734,962;4354;0,8;0,95;0,39;"K|5|V"
278;"Bayeux";554,429;3968;0,5;0,8;0,11;"K|5|V"
1287;"Kanata";322,531;3044;0,1;0,14;0,05;"M|2|V"
150;"Anywhere";466,992;2681;0,4;0,17;0,06;"M|5|V"
1352;"Killbourn";14,06;2605;0,2;0,11;0,05;"M|6|V"
2878;"Suetonius";514,692;3260;0,3;0,49;0,07;"M|1|V"
4;"Abagnar";493,649;3017;0,4;0,58;0,08;"M|3|V"
1571;"Malaga";577,046;3250;0,2;0,41;0,05;"M|2|V"
2148;"Rexburg";211,395;4121;0,8;0,88;0,52;"K|1|V"
2277;"Sendai";177,645;2500;0,4;0,7;0,05;"M|8|V"
3046;"Brundams";1928,754;2570;0,2;0,46;0,04;"M|2|V"
1300;"Kasdach";313,753;5606;1;1,08;1,09;"G|2|V"
3124;"Star Cluster 752";1375,885;2585;0,1;0,26;0,01;"M|3|V"
1055;"Harlez";531,345;2714;0,3;0,11;0,08;"M|2|V"
186;"As Samik";450,026;2560;0,3;0,41;0,02;"M|2|V"
1768;"Mualang";282,634;2822;0,3;0,3;0,02;"M|2|V"
1345;"Kiesen";222,224;4493;0,7;0,78;NA;"K|2|V"
275;"Battaraigi";532,323;2802;0,1;0,37;0,08;"M|1|V"
1780;"Muswell";291,781;3423;0,1;0,16;0,02;"M|1|V"
2817;"Zaniah";102,889;5215;1;1,11;1,35;"G|2|V"
2358;"Slewis";522,372;5696;0,8;1,13;1,39;"G|2|V"
3142;"Fable";272,819;3069;0,2;0,43;0,05;"M|1|V"
927;"Galuzzo";251,434;3485;0,1;0,62;0,01;"M|1|V"
3125;"Star Cluster 889";1728,166;2638;0,2;0,16;0,04;"M|3|V"
2841;"Zion";84,669;5228;1;1,05;1,27;"G|5|V"
1362;"Kirkenlaard";201,043;2605;0,4;0,58;0,02;"M|2|V"
1741;"Molokai";321,508;2456;0,3;0,36;0,03;"M|1|V"
494;"Cate's Hold";476,77;2450;0,1;0,24;0,05;"M|5|V"
447;"Calseraigne";367,76;2674;0,2;0,19;0,03;"M|2|V"
2071;"Prix";330,533;2762;0,2;0,41;0,01;"M|1|V"
958;"Girondas";448,547;2617;0,1;0,35;0,05;"M|7|V"
1482;"Leskovik";345,221;2649;0,2;0,2;0,04;"M|7|V"
669;"Dayr Khuna";227,065;2736;0,4;0,55;0,06;"M|2|V"
1283;"Kalidasa";108,246;3789;0,7;0,77;0,4;"K|6|V"
472;"Carcassonne";380,813;2719;0,4;0,4;0,01;"M|5|V"
3064;"Union of Samoyedic Colonies";897;2436;0,3;0,69;0,03;"M|5|V"
